{
	"class_name" : "PinholeCameraParameters",
	"extrinsic" : 
	[
		-0.93159819401487676,
		0.13226568600818986,
		-0.3385714004652538,
		0.0,
		0.36149448960666036,
		0.43458772343737734,
		-0.82489711153666812,
		0.0,
		0.038033391805627537,
		-0.89086435496224714,
		-0.45267445495130215,
		0.0,
		0.13175821907574697,
		-0.10810209164529988,
		0.87452457709115117,
		1.0
	],
	"intrinsic" : 
	{
		"height" : 856,
		"intrinsic_matrix" : 
		[
			741.31774563947954,
			0.0,
			0.0,
			0.0,
			741.31774563947954,
			0.0,
			923.5,
			427.5,
			1.0
		],
		"width" : 1848
	},
	"version_major" : 1,
	"version_minor" : 0
}